record,store,week,category volume,quarter,unit sales,price,feature,display,Revenue
1,155,1,399,1,40,5.18,0,0,207.2
2,155,2,372,1,111,5.28,1,0,586.08
3,155,3,569,1,213,4.23,0,1,900.99
4,155,4,575,1,426,2.91,1,1,1239.66
5,155,5,589,1,362,4.28,0,1,1549.36
6,155,6,552,1,310,5.14,0,0,1593.4
7,155,7,240,1,45,5.07,1,0,228.15
8,155,8,317,1,34,5.27,0,0,179.18
9,155,9,551,1,30,5.19,0,0,155.7
10,155,10,549,1,32,5.37,0,0,171.84
11,155,11,364,1,40,3.73,1,0,149.2
12,155,12,723,1,585,3.39,1,1,1983.15
13,155,13,570,1,409,3.67,0,1,1501.03
14,155,14,295,2,97,5.24,0,0,508.28
15,155,15,235,2,25,5.09,0,0,127.25
16,155,16,341,2,16,5.29,0,0,84.64
17,155,17,245,2,25,5.19,0,0,129.75
18,155,18,294,2,44,4.63,1,1,203.72
19,155,19,336,2,53,5.12,0,0,271.36
20,155,20,260,2,22,4.02,1,0,88.44
21,155,21,569,2,148,3.92,1,0,580.16
22,155,22,629,2,70,5.06,0,0,354.2
23,155,23,556,2,236,3.3,1,0,778.8
24,155,24,585,2,195,5.07,0,0,988.65
25,155,25,470,2,253,3.3,1,1,834.9
26,155,26,388,2,233,4.96,0,0,1155.68
27,155,27,216,3,29,5.27,0,0,152.83
28,155,28,385,3,32,5.27,0,0,168.64
29,155,29,601,3,32,3.77,1,0,120.64
30,155,30,740,3,147,4.28,1,0,629.16
31,155,31,692,3,100,4.16,1,0,416
32,155,32,280,3,30,5.34,0,0,160.2
33,155,33,317,3,30,5.4,0,0,162
34,155,34,277,3,75,5.4,0,0,405
35,155,35,389,3,278,3.77,1,1,1048.06
36,155,36,361,3,153,3.76,1,0,575.28
37,155,37,233,3,45,4.69,1,0,211.05
38,155,38,393,3,71,5.35,0,0,379.85
39,155,39,526,3,239,3.32,1,0,793.48
40,155,40,743,4,217,3.46,1,0,750.82
41,155,41,624,4,25,5.19,0,0,129.75
42,155,42,418,4,18,5.3,0,0,95.4
43,155,43,563,4,356,3.32,1,0,1181.92
44,155,44,463,4,162,3.4,1,0,550.8
45,155,45,218,4,22,5.39,0,0,118.58
46,155,46,244,4,28,5.28,0,0,147.84
47,155,47,156,4,16,5.19,0,0,83.04
48,155,48,229,4,37,5.37,0,0,198.69
49,155,49,528,4,331,3.07,1,0,1016.17
50,155,50,553,4,388,3.26,1,0,1264.88
51,155,51,228,4,24,5.19,0,0,124.56
52,155,52,426,4,133,3.75,1,1,498.75
53,266,1,467,1,37,5.02,0,0,185.74
54,266,2,752,1,286,3.92,1,1,1121.12
55,266,3,1410,1,507,3.98,0,1,2017.86
56,266,4,1468,1,1295,3.03,1,1,3923.85
57,266,5,1101,1,811,5.02,0,1,4071.22
58,266,6,904,1,592,3.55,0,1,2101.6
59,266,7,348,1,82,4.99,1,1,409.18
60,266,8,678,1,40,5.21,0,0,208.4
61,266,9,964,1,23,5.15,0,0,118.45
62,266,10,1115,1,28,5.11,0,0,143.08
63,266,11,715,1,49,3.47,1,1,170.03
64,266,12,1902,1,1695,3.11,1,1,5271.45
65,266,13,1497,1,1271,3.54,0,1,4499.34
66,266,14,481,2,188,5.11,0,0,960.68
67,266,15,288,2,34,5.17,0,0,175.78
68,266,16,793,2,23,5.08,0,0,116.84
69,266,17,591,2,20,5.08,0,0,101.6
70,266,18,469,2,97,4.61,1,0,447.17
71,266,19,423,2,74,5.17,0,0,382.58
72,266,20,281,2,46,4,1,1,184
73,266,21,868,2,359,3.72,1,1,1335.48
74,266,22,1016,2,293,4.19,0,1,1227.67
75,266,23,1005,2,452,3.03,1,1,1369.56
76,266,24,985,2,411,5.11,0,0,2100.21
77,266,25,787,2,470,2.81,1,1,1320.7
78,266,26,777,2,461,5.04,0,0,2323.44
79,266,27,296,3,27,5.16,0,0,139.32
80,266,28,413,3,56,5.07,0,1,283.92
81,266,29,988,3,54,4.12,1,0,222.48
82,266,30,1323,3,281,3.86,1,0,1084.66
83,266,31,816,3,159,3.88,1,0,616.92
84,266,32,413,3,26,5.29,0,0,137.54
85,266,33,422,3,29,5.26,0,1,152.54
86,266,34,260,3,58,5.27,0,0,305.66
87,266,35,353,3,176,3.61,1,1,635.36
88,266,36,474,3,146,3.69,1,0,538.74
89,266,37,452,3,81,4.39,1,1,355.59
90,266,38,487,3,63,5.16,0,0,325.08
91,266,39,938,3,596,3.08,1,1,1835.68
92,266,40,1384,4,555,3.04,1,0,1687.2
93,266,41,1107,4,26,4.99,0,0,129.74
94,266,42,585,4,20,4.99,0,0,99.8
95,266,43,1162,4,937,2.5,1,1,2342.5
96,266,44,693,4,430,2.75,1,0,1182.5
97,266,45,329,4,19,4.99,0,0,94.81
98,266,46,309,4,28,4.99,0,0,139.72
99,266,47,233,4,28,4.99,0,0,139.72
100,266,48,305,4,36,4.99,0,0,179.64
101,266,49,982,4,730,2.75,1,1,2007.5
102,266,50,1223,4,739,2.75,1,0,2032.25
103,266,51,771,4,363,4.99,0,0,1811.37
104,266,52,828,4,188,3.33,1,1,626.04
105,364,1,354,1,33,4.89,0,0,161.37
106,364,2,487,1,146,4.18,1,1,610.28
107,364,3,838,1,173,4.96,0,0,858.08
108,364,4,928,1,836,3.32,1,1,2775.52
109,364,5,648,1,463,5.02,0,0,2324.26
110,364,6,671,1,486,3.81,0,1,1851.66
111,364,7,184,1,61,4.99,1,1,304.39
112,364,8,402,1,20,5.09,0,0,101.8
113,364,9,695,1,22,5.08,0,0,111.76
114,364,10,883,1,29,4.99,0,0,144.71
115,364,11,503,1,51,3.05,1,0,155.55
116,364,12,1179,1,1061,3.47,1,1,3681.67
117,364,13,862,1,736,3.73,0,1,2745.28
118,364,14,310,2,148,4.99,0,1,738.52
119,364,15,192,2,36,4.99,0,1,179.64
120,364,16,437,2,25,5.06,0,0,126.5
121,364,17,412,2,21,5.07,0,0,106.47
122,364,18,296,2,56,4.56,1,1,255.36
123,364,19,262,2,49,4.99,0,0,244.51
124,364,20,207,2,31,3.7,1,0,114.7
125,364,21,511,2,232,3.7,1,1,858.4
126,364,22,585,2,226,3.98,0,1,899.48
127,364,23,767,2,379,2.75,1,1,1042.25
128,364,24,822,2,327,5.04,0,0,1648.08
129,364,25,560,2,307,2.75,1,1,844.25
130,364,26,503,2,361,5.04,0,0,1819.44
131,364,27,238,3,24,5.05,0,0,121.2
132,364,28,234,3,38,4.95,0,1,188.1
133,364,29,598,3,57,3.77,1,1,214.89
134,364,30,692,3,222,3.69,1,1,819.18
135,364,31,499,3,104,3.71,1,1,385.84
136,364,32,279,3,37,5.09,0,1,188.33
137,364,33,233,3,31,5.09,0,0,157.79
138,364,34,270,3,57,5.21,0,0,296.97
139,364,35,302,3,178,3.83,1,0,681.74
140,364,36,266,3,123,3.78,1,1,464.94
141,364,37,262,3,26,4.57,1,0,118.82
142,364,38,311,3,35,5.08,0,0,177.8
143,364,39,439,3,208,2.75,1,1,572
144,364,40,793,4,337,3.04,1,1,1024.48
145,364,41,618,4,42,5.08,0,1,213.36
146,364,42,335,4,40,4.99,0,1,199.6
147,364,43,533,4,378,2.5,1,1,945
148,364,44,410,4,227,2.78,1,0,631.06
149,364,45,164,4,14,4.99,0,0,69.86
150,364,46,122,4,17,4.99,0,0,84.83
151,364,47,163,4,21,4.99,0,0,104.79
152,364,48,198,4,18,4.99,0,0,89.82
153,364,49,464,4,307,2.5,1,0,767.5
154,364,50,635,4,463,2.5,1,0,1157.5
155,364,51,186,4,36,4.99,0,0,179.64
156,364,52,462,4,88,3.63,1,0,319.44
157,390,1,416,1,26,4.98,0,0,129.48
158,390,2,607,1,129,5.02,1,1,647.58
159,390,3,1258,1,271,4.19,0,1,1135.49
160,390,4,1171,1,1022,3,1,1,3066
161,390,5,810,1,596,4.43,0,1,2640.28
162,390,6,678,1,414,3.75,0,1,1552.5
163,390,7,235,1,53,4.99,1,1,264.47
164,390,8,524,1,54,5.11,0,0,275.94
165,390,9,758,1,19,5.09,0,0,96.71
166,390,10,1211,1,34,5.17,0,0,175.78
167,390,11,602,1,33,3.32,1,1,109.56
168,390,12,1598,1,1428,2.79,1,1,3984.12
169,390,13,1122,1,982,3.86,0,1,3790.52
170,390,14,379,2,183,5.15,0,1,942.45
171,390,15,250,2,30,5.12,0,1,153.6
172,390,16,643,2,23,5.12,0,0,117.76
173,390,17,490,2,21,4.54,0,1,95.34
174,390,18,338,2,42,4.39,1,1,184.38
175,390,19,363,2,47,5.05,0,1,237.35
176,390,20,212,2,45,4.21,1,1,189.45
177,390,21,670,2,222,3.86,1,1,856.92
178,390,22,1003,2,244,4.23,0,1,1032.12
179,390,23,966,2,437,3.18,1,1,1389.66
180,390,24,824,2,288,5.1,0,1,1468.8
181,390,25,558,2,307,3.4,1,1,1043.8
182,390,26,571,2,380,5.17,0,0,1964.6
183,390,27,271,3,22,5.08,0,0,111.76
184,390,28,393,3,54,5.12,0,1,276.48
185,390,29,913,3,41,3.85,1,0,157.85
186,390,30,1014,3,241,4,1,1,964
187,390,31,718,3,157,4.02,1,1,631.14
188,390,32,287,3,16,4.98,0,1,79.68
189,390,33,304,3,21,5.34,0,1,112.14
190,390,34,302,3,22,5.32,0,1,117.04
191,390,35,323,3,205,3.75,1,0,768.75
192,390,36,349,3,103,3.75,1,0,386.25
193,390,37,341,3,31,4.72,1,0,146.32
194,390,38,355,3,35,5.21,0,0,182.35
195,390,39,525,3,272,3.23,1,0,878.56
196,390,40,1101,4,335,3.23,1,0,1082.05
197,390,41,943,4,23,5.13,0,0,117.99
198,390,42,514,4,22,4.99,0,0,109.78
199,390,43,950,4,676,2.75,1,1,1859
200,390,44,657,4,417,2.75,1,1,1146.75
201,390,45,273,4,18,4.99,0,1,89.82
202,390,46,164,4,24,4.99,0,0,119.76
203,390,47,200,4,20,4.99,0,0,99.8
204,390,48,211,4,21,4.99,0,0,104.79
205,390,49,694,4,467,2.75,1,1,1284.25
206,390,50,787,4,453,2.75,1,0,1245.75
207,390,51,357,4,31,4.99,0,0,154.69
208,390,52,504,4,122,3.33,1,1,406.26
209,460,1,310,1,66,3.79,0,0,250.14
210,460,2,704,1,29,4.78,0,0,138.62
211,460,3,694,1,232,3.65,0,1,846.8
212,460,4,509,1,360,3.18,1,1,1144.8
213,460,5,605,1,364,3.27,0,1,1190.28
214,460,6,591,1,120,3.39,0,0,406.8
215,460,7,500,1,197,3.04,1,1,598.88
216,460,8,508,1,339,3.43,0,1,1162.77
217,460,9,358,1,45,4.38,0,0,197.1
218,460,10,282,1,38,4.03,1,1,153.14
219,460,11,387,1,251,3.36,1,1,843.36
220,460,12,638,1,222,3.49,0,1,774.78
221,460,13,725,1,19,3.65,0,0,69.35
222,460,14,537,2,17,5.29,0,0,89.93
223,460,15,738,2,292,4.18,1,0,1220.56
224,460,16,646,2,508,2.78,1,1,1412.24
225,460,17,577,2,181,2.97,0,1,537.57
226,460,18,500,2,16,4.96,1,0,79.36
227,460,19,613,2,39,4.08,1,0,159.12
228,460,20,231,2,59,4.08,0,0,240.72
229,460,21,191,2,102,3.22,1,1,328.44
230,460,22,447,2,154,3.52,0,1,542.08
231,460,23,473,2,211,3.2,1,0,675.2
232,460,24,519,2,169,3.17,0,0,535.73
233,460,25,667,2,328,2.52,1,0,826.56
234,460,26,284,2,162,2.49,0,1,403.38
235,460,27,294,3,96,3.51,1,0,336.96
236,460,28,352,3,71,3.43,1,0,243.53
237,460,29,282,3,132,3.43,0,0,452.76
238,460,30,218,3,32,3.72,0,0,119.04
239,460,31,355,3,181,3.43,1,0,620.83
240,460,32,245,3,157,3.54,0,1,555.78
241,460,33,360,3,43,3.75,1,1,161.25
242,460,34,402,3,16,4.77,0,0,76.32
243,460,35,346,3,196,3.23,1,0,633.08
244,460,36,503,3,254,3,0,1,762
245,460,37,700,3,487,2.87,1,1,1397.69
246,460,38,638,3,307,2.75,0,1,844.25
247,460,39,528,3,32,3.84,0,0,122.88
248,460,40,385,4,172,4.24,0,0,729.28
249,460,41,399,4,181,3.6,1,1,651.6
250,460,42,327,4,16,3.95,1,1,63.2
251,460,43,515,4,359,2.98,0,0,1069.82
252,460,44,410,4,252,2.86,1,1,720.72
253,460,45,263,4,46,2.82,0,0,129.72
254,460,46,272,4,18,4.64,0,0,83.52
255,460,47,443,4,265,3.01,1,0,797.65
256,460,48,849,4,684,2.69,1,1,1839.96
257,460,49,437,4,286,3.48,1,1,995.28
258,460,50,345,4,75,3.91,0,1,293.25
259,460,51,282,4,19,4.74,1,0,90.06
260,460,52,653,4,391,3.04,0,0,1188.64
261,467,1,594,1,107,5.29,0,0,566.03
262,467,2,792,1,403,4.34,1,1,1749.02
263,467,3,1442,1,534,5.08,0,0,2712.72
264,467,4,1639,1,1387,3.45,1,1,4785.15
265,467,5,1409,1,1048,3.6,0,1,3772.8
266,467,6,1305,1,944,5.16,0,0,4871.04
267,467,7,484,1,94,5.07,1,0,476.58
268,467,8,804,1,80,5.25,0,0,420
269,467,9,1189,1,74,5.28,0,0,390.72
270,467,10,1347,1,65,5.29,0,0,343.85
271,467,11,998,1,114,3.82,1,1,435.48
272,467,12,2044,1,1710,3.07,1,1,5249.7
273,467,13,1487,1,1206,5.2,0,0,6271.2
274,467,14,747,2,327,5.22,0,0,1706.94
275,467,15,536,2,61,5.22,0,0,318.42
276,467,16,1093,2,59,5.28,0,0,311.52
277,467,17,865,2,79,5.16,0,0,407.64
278,467,18,653,2,135,4.02,1,1,542.7
279,467,19,644,2,187,5.23,0,1,978.01
280,467,20,518,2,78,3.84,1,1,299.52
281,467,21,1206,2,606,3.76,1,1,2278.56
282,467,22,1234,2,374,5.04,0,0,1884.96
283,467,23,1348,2,527,2.81,1,1,1480.87
284,467,24,1329,2,562,5.05,0,0,2838.1
285,467,25,1042,2,523,2.82,1,1,1474.86
286,467,26,1070,2,704,5.05,0,1,3555.2
287,467,27,549,3,89,5.11,0,1,454.79
288,467,28,674,3,128,4.72,0,1,604.16
289,467,29,1275,3,133,3.73,1,0,496.09
290,467,30,1576,3,405,3.73,1,0,1510.65
291,467,31,1194,3,343,3.52,1,0,1207.36
292,467,32,666,3,80,5.33,0,0,426.4
293,467,33,541,3,65,5.25,0,0,341.25
294,467,34,608,3,154,5.33,0,0,820.82
295,467,35,1080,3,507,3.67,1,1,1860.69
296,467,36,812,3,335,3.78,1,0,1266.3
297,467,37,752,3,135,4.24,1,1,572.4
298,467,38,898,3,179,4.99,0,0,893.21
299,467,39,1176,3,557,2.75,1,0,1531.75
300,467,40,1676,4,874,2.75,1,0,2403.5
301,467,41,1056,4,74,4.99,0,0,369.26
302,467,42,838,4,58,4.99,0,0,289.42
303,467,43,1533,4,1092,2.75,1,0,3003
304,467,44,1141,4,673,2.75,1,0,1850.75
305,467,45,526,4,69,4.99,0,0,344.31
306,467,46,407,4,70,4.99,0,0,349.3
307,467,47,402,4,72,4.99,0,0,359.28
308,467,48,593,4,96,4.99,0,0,479.04
309,467,49,1277,4,802,2.75,1,1,2205.5
310,467,50,1525,4,911,2.75,1,0,2505.25
311,467,51,728,4,100,4.99,0,0,499
312,467,52,1191,4,460,3.5,1,1,1610
313,550,1,2639,1,466,4.46,0,1,2078.36
314,550,2,3687,1,293,4.58,0,0,1341.94
315,550,3,3428,1,895,4.37,0,1,3911.15
316,550,4,4443,1,530,4.62,0,0,2448.6
317,550,5,3355,1,179,4.65,0,0,832.35
318,550,6,3047,1,552,4.31,0,1,2379.12
319,550,7,3369,1,823,4.16,0,1,3423.68
320,550,8,2526,1,856,3.96,0,1,3389.76
321,550,9,4565,1,794,3.96,0,1,3144.24
322,550,10,4072,1,273,4.64,0,0,1266.72
323,550,11,4564,1,2220,3.42,1,1,7592.4
324,550,12,2906,1,1428,4.04,0,1,5769.12
325,550,13,3718,1,612,4.62,0,0,2827.44
326,550,14,2916,2,1031,4,0,1,4124
327,550,15,3784,2,522,4.59,0,0,2395.98
328,550,16,3175,2,228,4.62,0,0,1053.36
329,550,17,8144,2,793,4.2,0,1,3330.6
330,550,18,3078,2,778,3.87,0,1,3010.86
331,550,19,3191,2,271,4.65,0,0,1260.15
332,550,20,3514,2,181,4.65,0,0,841.65
333,550,21,3005,2,929,3.96,0,1,3678.84
334,550,22,3201,2,538,4.2,0,1,2259.6
335,550,23,2117,2,152,4.64,0,0,705.28
336,550,24,1891,2,465,4.31,0,1,2004.15
337,550,25,2432,2,1066,3.82,1,1,4072.12
338,550,26,2708,2,513,3.98,0,1,2041.74
339,550,27,5225,3,363,4.55,0,1,1651.65
340,550,28,4209,3,312,4.64,0,0,1447.68
341,550,29,3652,3,921,4.05,0,1,3730.05
342,550,30,4810,3,1028,3.95,0,1,4060.6
343,550,31,5995,3,212,4.62,0,0,979.44
344,550,32,4442,3,92,4.61,0,0,424.12
345,550,33,4706,3,2532,3.4,0,1,8608.8
346,550,34,2340,3,1151,4.02,0,1,4627.02
347,550,35,3663,3,189,4.63,0,0,875.07
348,550,36,4283,3,111,4.62,0,0,512.82
349,550,37,4103,3,2059,3.07,1,1,6321.13
350,550,38,2631,3,823,4.57,0,0,3761.11
351,550,39,5157,3,154,4.57,0,0,703.78
352,550,40,5225,4,86,4.55,0,0,391.3
353,550,41,2216,4,117,4.56,0,0,533.52
354,550,42,1967,4,129,4.53,0,0,584.37
355,550,43,5473,4,178,4.57,0,0,813.46
356,550,44,3283,4,116,4.55,0,0,527.8
357,550,45,4065,4,291,4.55,0,0,1324.05
358,550,46,4961,4,2642,4.57,0,0,12073.94
359,550,47,3056,4,1298,4.03,0,1,5230.94
360,550,48,2387,4,253,4.46,0,1,1128.38
361,550,49,3318,4,137,4.55,0,0,623.35
362,550,50,2893,4,572,4.29,0,1,2453.88
363,550,51,3744,4,1275,3.86,0,1,4921.5
364,550,52,5963,4,809,4.02,0,1,3252.18
365,556,1,268,1,65,5.24,0,0,340.6
366,556,2,313,1,49,5.17,1,0,253.33
367,556,3,476,1,114,4.97,0,0,566.58
368,556,4,697,1,564,3.29,1,1,1855.56
369,556,5,528,1,366,5.02,0,0,1837.32
370,556,6,441,1,232,5.09,0,0,1180.88
371,556,7,241,1,59,5.07,1,0,299.13
372,556,8,389,1,59,5.22,0,0,307.98
373,556,9,508,1,42,5.09,0,0,213.78
374,556,10,502,1,46,5.18,0,0,238.28
375,556,11,320,1,58,3.36,1,1,194.88
376,556,12,861,1,728,3.26,1,1,2373.28
377,556,13,587,1,475,4,0,1,1900
378,556,14,242,2,93,5.05,0,0,469.65
379,556,15,198,2,43,5.09,0,0,218.87
380,556,16,460,2,44,5.09,0,0,223.96
381,556,17,355,2,37,5.27,0,0,194.99
382,556,18,282,2,96,4.49,1,0,431.04
383,556,19,282,2,108,5.2,0,0,561.6
384,556,20,282,2,64,4.02,1,0,257.28
385,556,21,525,2,330,3.33,1,1,1098.9
386,556,22,586,2,247,5.05,0,0,1247.35
387,556,23,668,2,325,3.14,1,1,1020.5
388,556,24,604,2,302,5.05,0,0,1525.1
389,556,25,488,2,298,2.5,1,1,745
390,556,26,561,2,377,5.06,0,0,1907.62
391,556,27,274,3,72,5.18,0,0,372.96
392,556,28,319,3,78,5.17,0,0,403.26
393,556,29,480,3,75,3.73,1,0,279.75
394,556,30,673,3,220,3.53,1,0,776.6
395,556,31,324,3,119,3.8,1,0,452.2
396,556,32,268,3,65,5.25,0,0,341.25
397,556,33,243,3,63,5.34,0,0,336.42
398,556,34,255,3,72,5.34,0,0,384.48
399,556,35,393,3,275,3.82,1,1,1050.5
400,556,36,391,3,179,3.7,1,0,662.3
401,556,37,275,3,74,4.58,1,1,338.92
402,556,38,360,3,127,5.19,0,0,659.13
403,556,39,526,3,327,3.07,1,1,1003.89
404,556,40,577,4,276,3.07,1,0,847.32
405,556,41,423,4,36,5.28,0,0,190.08
406,556,42,276,4,32,5.19,0,0,166.08
407,556,43,477,4,329,2.77,1,0,911.33
408,556,44,378,4,208,2.8,1,0,582.4
409,556,45,205,4,30,5.19,0,0,155.7
410,556,46,194,4,23,5.19,0,0,119.37
411,556,47,234,4,49,5.19,0,0,254.31
412,556,48,320,4,195,2.8,1,0,546
413,556,49,519,4,408,2.5,1,1,1020
414,556,50,619,4,335,2.8,1,0,938
415,556,51,298,4,29,5.19,0,0,150.51
416,556,52,457,4,176,3.33,1,1,586.08
417,571,1,763,1,36,2.8,1,0,100.8
418,571,2,1023,1,21,4.75,0,0,99.75
419,571,3,732,1,186,3.63,0,1,675.18
420,571,4,1645,1,605,3.72,0,1,2250.6
421,571,5,491,1,52,3.8,1,1,197.6
422,571,6,863,1,31,4.69,0,0,145.39
423,571,7,826,1,46,4.75,0,0,218.5
424,571,8,741,1,38,4.78,0,0,181.64
425,571,9,858,1,40,4.66,0,0,186.4
426,571,10,1512,1,553,3.56,0,1,1968.68
427,571,11,837,1,119,3.63,0,0,431.97
428,571,12,1019,1,91,3.63,0,0,330.33
429,571,13,665,1,96,3.63,0,0,348.48
430,571,14,810,2,45,3.7,0,0,166.5
431,571,15,1376,2,554,3.79,0,1,2099.66
432,571,16,853,2,24,3.73,1,0,89.52
433,571,17,709,2,36,4.79,0,0,172.44
434,571,18,394,2,32,4.75,0,0,152
435,571,19,1333,2,1086,2.72,0,1,2953.92
436,571,20,926,2,25,3.04,1,0,76
437,571,21,769,2,131,4.1,0,1,537.1
438,571,22,403,2,131,4.19,0,1,548.89
439,571,23,638,2,119,4.19,0,1,498.61
440,571,24,703,2,29,4.8,0,0,139.2
441,571,25,598,2,35,4.79,0,0,167.65
442,571,26,634,2,38,4.79,0,0,182.02
443,571,27,698,3,41,4.79,0,0,196.39
444,571,28,735,3,42,4.79,0,0,201.18
445,571,29,1135,3,37,4.75,0,0,175.75
446,571,30,1398,3,15,4.75,0,0,71.25
447,571,31,800,3,22,4.83,0,0,106.26
448,571,32,1148,3,28,4.78,0,0,133.84
449,571,33,909,3,19,3.19,0,0,60.61
450,571,34,3387,3,18,3.19,0,0,57.42
451,571,35,645,3,224,3.13,1,0,701.12
452,571,36,346,3,33,4.74,0,0,156.42
453,571,37,699,3,42,4.75,0,0,199.5
454,571,38,709,3,22,4.65,0,0,102.3
455,571,39,756,3,515,3.78,0,0,1946.7
456,571,40,594,4,67,4.11,0,0,275.37
457,571,41,1066,4,806,2.77,0,1,2232.62
458,571,42,641,4,75,2.99,1,0,224.25
459,571,43,740,4,435,3.36,0,1,1461.6
460,571,44,1981,4,118,3.39,1,0,400.02
461,571,45,575,4,27,4.74,0,0,127.98
462,571,46,543,4,26,4.75,0,0,123.5
463,571,47,692,4,29,4.79,0,0,138.91
464,571,48,649,4,40,4.78,0,0,191.2
465,571,49,1048,4,32,4.78,0,0,152.96
466,571,50,1278,4,857,3.68,0,1,3153.76
467,571,51,747,4,71,3.73,1,0,264.83
468,571,52,1518,4,448,3.84,0,1,1720.32
469,622,1,247,1,25,4.85,0,0,121.25
470,622,2,481,1,133,4.38,0,0,582.54
471,622,3,506,1,37,4.94,0,0,182.78
472,622,4,972,1,750,2.89,1,1,2167.5
473,622,5,464,1,283,3.46,0,1,979.18
474,622,6,306,1,72,4.45,1,1,320.4
475,622,7,304,1,60,4.56,0,1,273.6
476,622,8,298,1,144,4.1,1,1,590.4
477,622,9,819,1,26,4.89,0,0,127.14
478,622,10,369,1,46,3.79,1,0,174.34
479,622,11,370,1,30,4.93,0,0,147.9
480,622,12,272,1,10,4.93,0,0,49.3
481,622,13,354,1,19,4.96,0,0,94.24
482,622,14,321,2,91,4.18,1,0,380.38
483,622,15,295,2,30,4.93,0,0,147.9
484,622,16,323,2,35,4.62,0,0,161.7
485,622,17,292,2,33,4.5,0,0,148.5
486,622,18,566,2,34,4.9,0,0,166.6
487,622,19,383,2,132,3.82,1,0,504.24
488,622,20,385,2,31,4.92,0,0,152.52
489,622,21,337,2,35,4.91,0,0,171.85
490,622,22,346,2,44,4.89,0,0,215.16
491,622,23,253,2,83,3.86,1,0,320.38
492,622,24,435,2,30,4.92,0,0,147.6
493,622,25,380,2,70,4.28,1,0,299.6
494,622,26,442,2,35,4.92,0,0,172.2
495,622,27,500,3,48,4.39,0,1,210.72
496,622,28,690,3,44,4.43,0,1,194.92
497,622,29,387,3,44,4.54,0,1,199.76
498,622,30,698,3,465,2.5,0,1,1162.5
499,622,31,459,3,314,3.1,1,1,973.4
500,622,32,341,3,37,4.05,0,0,149.85
501,622,33,293,3,39,3.81,0,1,148.59
502,622,34,391,3,58,4.9,0,0,284.2
503,622,35,346,3,196,3.82,1,1,748.72
504,622,36,521,3,14,4.92,0,0,68.88
505,622,37,273,3,19,5.01,0,0,95.19
506,622,38,310,3,104,4.1,1,0,426.4
507,622,39,274,3,25,4.88,0,0,122
508,622,40,279,4,29,4.94,0,0,143.26
509,622,41,373,4,38,4.93,0,0,187.34
510,622,42,259,4,85,4.39,1,0,373.15
511,622,43,659,4,69,4.14,1,0,285.66
512,622,44,717,4,31,4.94,0,0,153.14
513,622,45,332,4,30,4.92,0,0,147.6
514,622,46,243,4,26,4.94,0,0,128.44
515,622,47,292,4,95,4.07,0,0,386.65
516,622,48,429,4,223,3.66,1,0,816.18
517,622,49,395,4,37,4.91,0,0,181.67
518,622,50,513,4,59,4.89,0,0,288.51
519,622,51,517,4,270,3.98,1,0,1074.6
520,622,52,1028,4,811,2.25,0,1,1824.75
521,1606,1,981,1,184,4.52,0,1,831.68
522,1606,2,1608,1,185,4.34,0,1,802.9
523,1606,3,1817,1,487,4.14,0,0,2016.18
524,1606,4,2071,1,544,4.13,0,1,2246.72
525,1606,5,1467,1,234,4.35,0,1,1017.9
526,1606,6,977,1,278,4.49,0,1,1248.22
527,1606,7,1391,1,325,4.3,0,1,1397.5
528,1606,8,1261,1,414,4.23,0,1,1751.22
529,1606,9,1853,1,457,4.23,0,1,1933.11
530,1606,10,1468,1,177,4.52,0,1,800.04
531,1606,11,2204,1,1446,3.35,1,0,4844.1
532,1606,12,1297,1,515,4.16,0,1,2142.4
533,1606,13,2118,1,345,4.2,0,1,1449
534,1606,14,1665,2,641,4.03,1,1,2583.23
535,1606,15,2318,2,380,4.59,0,1,1744.2
536,1606,16,1183,2,208,4.46,0,1,927.68
537,1606,17,3350,2,278,4.46,0,1,1239.88
538,1606,18,1572,2,409,4.15,0,1,1697.35
539,1606,19,882,2,196,4.45,0,0,872.2
540,1606,20,1001,2,112,4.64,0,0,519.68
541,1606,21,1433,2,669,3.91,1,1,2615.79
542,1606,22,1848,2,241,4.62,0,0,1113.42
543,1606,23,976,2,93,4.62,0,0,429.66
544,1606,24,896,2,391,4.42,0,1,1728.22
545,1606,25,1487,2,840,3.96,1,1,3326.4
546,1606,26,1117,2,165,4.62,0,0,762.3
547,1606,27,1609,3,94,4.62,0,0,434.28
548,1606,28,984,3,110,4.56,0,1,501.6
549,1606,29,1797,3,875,3.91,1,1,3421.25
550,1606,30,2333,3,541,4.31,0,1,2331.71
551,1606,31,2414,3,138,4.62,0,0,637.56
552,1606,32,1389,3,82,4.62,0,0,378.84
553,1606,33,2341,3,1716,3.23,1,0,5542.68
554,1606,34,1250,3,711,4.56,0,0,3242.16
555,1606,35,1945,3,116,4.59,0,0,532.44
556,1606,36,1683,3,137,4.34,1,0,594.58
557,1606,37,2291,3,1486,3.51,1,1,5215.86
558,1606,38,1143,3,754,4.14,0,0,3121.56
559,1606,39,2247,3,153,4.53,0,0,693.09
560,1606,40,1665,4,65,4.57,0,0,297.05
561,1606,41,951,4,65,4.57,0,0,297.05
562,1606,42,681,4,109,4.58,0,0,499.22
563,1606,43,2644,4,99,4.58,0,0,453.42
564,1606,44,1184,4,90,4.57,0,0,411.3
565,1606,45,1527,4,45,4.53,0,0,203.85
566,1606,46,2207,4,1610,3.17,1,0,5103.7
567,1606,47,1295,4,841,4.19,0,0,3523.79
568,1606,48,1107,4,259,4.43,0,1,1147.37
569,1606,49,1064,4,131,4.44,0,1,581.64
570,1606,50,1585,4,254,4.57,0,0,1160.78
571,1606,51,1793,4,905,3.89,1,1,3520.45
572,1606,52,3768,4,2205,3.74,1,1,8246.7
573,2252,1,1399,1,395,4.81,0,0,1899.95
574,2252,2,2742,1,271,3.94,0,0,1067.74
575,2252,3,2013,1,324,4.01,0,0,1299.24
576,2252,4,2580,1,1615,3.45,1,1,5571.75
577,2252,5,680,1,230,3.86,0,1,887.8
578,2252,6,1685,1,204,4.56,1,1,930.24
579,2252,7,2071,1,200,4.07,1,0,814
580,2252,8,3577,1,2854,3.39,1,0,9675.06
581,2252,9,1950,1,972,4.31,0,0,4189.32
582,2252,10,1550,1,120,4.84,0,0,580.8
583,2252,11,3323,1,197,4.38,0,0,862.86
584,2252,12,2989,1,1958,3.78,1,1,7401.24
585,2252,13,1011,1,194,4.38,0,0,849.72
586,2252,14,2056,2,203,4.38,0,0,889.14
587,2252,15,2010,2,201,4.38,0,0,880.38
588,2252,16,2251,2,83,4.82,0,0,400.06
589,2252,17,3774,2,546,3.91,0,0,2134.86
590,2252,18,4350,2,1549,3.81,0,1,5901.69
591,2252,19,2537,2,1336,3.94,0,1,5263.84
592,2252,20,1705,2,145,4.87,0,0,706.15
593,2252,21,3193,2,89,4.87,0,0,433.43
594,2252,22,927,2,224,4.38,0,0,981.12
595,2252,23,1703,2,1072,3.91,1,1,4191.52
596,2252,24,1046,2,93,4.85,0,0,451.05
597,2252,25,1199,2,92,4.84,0,0,445.28
598,2252,26,687,2,96,4.84,0,0,464.64
599,2252,27,1724,3,84,4.85,0,0,407.4
600,2252,28,1543,3,81,4.85,0,0,392.85
601,2252,29,1884,3,105,4.87,0,0,511.35
602,2252,30,1078,3,146,4.38,0,0,639.48
603,2252,31,2188,3,1299,3.61,1,1,4689.39
604,2252,32,1900,3,180,4.2,0,0,756
605,2252,33,2141,3,114,4.43,0,0,505.02
606,2252,34,1646,3,299,4.29,1,0,1282.71
607,2252,35,1554,3,100,4.84,0,0,484
608,2252,36,2730,3,68,4.75,0,0,323
609,2252,37,6402,3,708,3.13,0,0,2216.04
610,2252,38,4167,3,3154,2.94,1,1,9272.76
611,2252,39,939,3,130,4.73,0,0,614.9
612,2252,40,1206,4,176,4.73,0,0,832.48
613,2252,41,790,4,80,4.73,0,0,378.4
614,2252,42,1003,4,78,4.73,0,0,368.94
615,2252,43,1032,4,532,3.8,1,0,2021.6
616,2252,44,1061,4,83,4.74,0,0,393.42
617,2252,45,1002,4,57,4.73,0,0,269.61
618,2252,46,1793,4,67,4.74,0,0,317.58
619,2252,47,1248,4,59,4.74,0,0,279.66
620,2252,48,1206,4,96,4.49,1,0,431.04
621,2252,49,977,4,63,4.74,0,0,298.62
622,2252,50,1723,4,142,4.22,0,0,599.24
623,2252,51,1772,4,176,4.22,0,0,742.72
624,2252,52,1727,4,89,4.73,0,0,420.97
625,2253,1,1393,1,442,3.98,1,0,1759.16
626,2253,2,2023,1,197,3.9,0,0,768.3
627,2253,3,2107,1,252,3.98,0,0,1002.96
628,2253,4,1774,1,738,3.39,1,1,2501.82
629,2253,5,983,1,542,3.85,1,1,2086.7
630,2253,6,952,1,224,4.65,1,1,1041.6
631,2253,7,1713,1,185,3.93,1,0,727.05
632,2253,8,1811,1,496,3.88,1,0,1924.48
633,2253,9,1365,1,314,4.81,0,0,1510.34
634,2253,10,1673,1,69,4.94,0,0,340.86
635,2253,11,2089,1,133,4.37,0,0,581.21
636,2253,12,1771,1,389,3.88,1,0,1509.32
637,2253,13,1058,1,439,4.41,0,0,1935.99
638,2253,14,1004,2,301,4.68,0,0,1408.68
639,2253,15,1326,2,327,4.68,0,0,1530.36
640,2253,16,1021,2,80,4.96,0,0,396.8
641,2253,17,1674,2,347,3.88,0,0,1346.36
642,2253,18,3021,2,1614,2.73,0,0,4406.22
643,2253,19,2375,2,1630,2.93,0,0,4775.9
644,2253,20,1388,2,73,4.93,0,0,359.89
645,2253,21,1615,2,70,4.93,0,0,345.1
646,2253,22,1330,2,62,4.98,0,0,308.76
647,2253,23,1036,2,346,3.88,1,0,1342.48
648,2253,24,1165,2,468,4.32,0,0,2021.76
649,2253,25,1016,2,77,4.98,0,0,383.46
650,2253,26,694,2,73,4.98,0,0,363.54
651,2253,27,909,3,81,4.93,0,0,399.33
652,2253,28,1397,3,69,4.89,0,0,337.41
653,2253,29,1207,3,58,4.92,0,0,285.36
654,2253,30,840,3,45,4.92,0,0,221.4
655,2253,31,1011,3,260,3.88,1,0,1008.8
656,2253,32,1343,3,374,3.88,0,0,1451.12
657,2253,33,1337,3,152,4.5,0,0,684
658,2253,34,1299,3,308,4.34,1,0,1336.72
659,2253,35,1059,3,246,4.52,0,0,1111.92
660,2253,36,1280,3,96,4.81,0,0,461.76
661,2253,37,2216,3,589,3.17,0,0,1867.13
662,2253,38,2707,3,1706,3,1,0,5118
663,2253,39,2155,3,1733,3.05,1,0,5285.65
664,2253,40,1495,4,720,4.81,0,0,3463.2
665,2253,41,1269,4,548,4.81,0,0,2635.88
666,2253,42,1192,4,85,4.81,0,0,408.85
667,2253,43,1531,4,752,3.27,1,0,2459.04
668,2253,44,1535,4,832,4.17,0,0,3469.44
669,2253,45,1351,4,168,4.81,0,0,808.08
670,2253,46,1774,4,68,4.81,0,0,327.08
671,2253,47,1349,4,69,4.82,0,0,332.58
672,2253,48,821,4,304,4.24,1,1,1288.96
673,2253,49,835,4,187,4.51,0,0,843.37
674,2253,50,1042,4,117,4.21,0,0,492.57
675,2253,51,1805,4,187,4.37,0,0,817.19
676,2253,52,1090,4,80,4.92,0,0,393.6
677,3753,1,1615,1,252,4.12,0,0,1038.24
678,3753,2,2212,1,760,3.61,1,1,2743.6
679,3753,3,1721,1,327,3.6,1,0,1177.2
680,3753,4,2375,1,814,3.27,1,1,2661.78
681,3753,5,1949,1,261,3.96,0,0,1033.56
682,3753,6,1283,1,156,4.2,0,0,655.2
683,3753,7,1499,1,768,4.13,0,1,3171.84
684,3753,8,2083,1,250,3.59,1,0,897.5
685,3753,9,2065,1,764,4.07,0,1,3109.48
686,3753,10,1862,1,283,4.13,0,0,1168.79
687,3753,11,1912,1,149,4.29,0,0,639.21
688,3753,12,1547,1,720,3.51,1,1,2527.2
689,3753,13,1276,1,289,4.13,0,0,1193.57
690,3753,14,2117,2,153,3.5,1,0,535.5
691,3753,15,1765,2,688,4.39,0,1,3020.32
692,3753,16,1562,2,224,3.58,1,0,801.92
693,3753,17,1211,2,655,3.64,0,1,2384.2
694,3753,18,1701,2,250,3.6,1,0,900
695,3753,19,1885,2,799,3.82,0,1,3052.18
696,3753,20,1037,2,237,4.12,0,0,976.44
697,3753,21,2107,2,164,3.58,1,0,587.12
698,3753,22,1919,2,184,3.58,1,0,658.72
699,3753,23,2090,2,883,4.04,0,1,3567.32
700,3753,24,1574,2,307,3.58,1,0,1099.06
701,3753,25,2168,2,770,4.06,0,1,3126.2
702,3753,26,1984,2,488,3.91,1,1,1908.08
703,3753,27,1324,3,208,3.55,1,0,738.4
704,3753,28,2039,3,858,3.67,1,1,3148.86
705,3753,29,1850,3,310,4.24,0,0,1314.4
706,3753,30,1679,3,193,3.96,1,0,764.28
707,3753,31,2146,3,352,4.37,0,0,1538.24
708,3753,32,1768,3,788,4,0,1,3152
709,3753,33,1521,3,350,4.1,0,0,1435
710,3753,34,2264,3,352,3.2,1,1,1126.4
711,3753,35,2659,3,1461,3.32,1,1,4850.52
712,3753,36,2741,3,337,3.4,1,0,1145.8
713,3753,37,1957,3,240,4.05,0,0,972
714,3753,38,1747,3,801,3.86,1,1,3091.86
715,3753,39,2141,3,309,4.14,0,0,1279.26
716,3753,40,2076,4,189,3.78,1,0,714.42
717,3753,41,1636,4,711,3.81,0,1,2708.91
718,3753,42,2370,4,321,4.08,0,0,1309.68
719,3753,43,1727,4,203,4.11,0,0,834.33
720,3753,44,1944,4,1007,3.46,1,1,3484.22
721,3753,45,1697,4,415,3.52,1,0,1460.8
722,3753,46,1893,4,300,3.28,1,0,984
723,3753,47,1704,4,812,3.5,1,1,2842
724,3753,48,2479,4,386,3.37,1,0,1300.82
725,3753,49,2437,4,1290,3.05,1,1,3934.5
726,3753,50,2323,4,593,3.3,1,0,1956.9
727,3753,51,1986,4,786,3.73,0,1,2931.78
728,3753,52,2181,4,207,4.07,0,0,842.49
729,3766,1,399,1,198,3.53,1,0,698.94
730,3766,2,431,1,53,4.82,0,0,255.46
731,3766,3,845,1,52,4.69,0,0,243.88
732,3766,4,1801,1,1624,2.47,1,1,4011.28
733,3766,5,325,1,35,4.8,0,0,168
734,3766,6,416,1,243,3.63,1,1,882.09
735,3766,7,573,1,37,4.66,0,0,172.42
736,3766,8,273,1,61,4.42,1,1,269.62
737,3766,9,749,1,29,4.59,0,0,133.11
738,3766,10,388,1,188,4.78,1,1,898.64
739,3766,11,384,1,51,4.66,0,0,237.66
740,3766,12,425,1,166,3.55,1,1,589.3
741,3766,13,400,1,35,4.73,0,0,165.55
742,3766,14,877,2,352,2.48,1,0,872.96
743,3766,15,389,2,39,4.84,0,0,188.76
744,3766,16,391,2,227,3.64,1,1,826.28
745,3766,17,403,2,28,4.78,0,0,133.84
746,3766,18,362,2,56,4.65,0,0,260.4
747,3766,19,500,2,194,3.53,1,1,684.82
748,3766,20,466,2,27,4.76,0,0,128.52
749,3766,21,534,2,245,3,1,1,735
750,3766,22,264,2,102,4.33,1,1,441.66
751,3766,23,868,2,29,4.77,0,0,138.33
752,3766,24,396,2,40,4.75,0,0,190
753,3766,25,469,2,320,3.02,1,1,966.4
754,3766,26,430,2,31,4.69,0,0,145.39
755,3766,27,243,3,78,4.29,1,1,334.62
756,3766,28,321,3,211,3.36,1,1,708.96
757,3766,29,545,3,21,4.77,0,0,100.17
758,3766,30,375,3,34,4.83,0,0,164.22
759,3766,31,651,3,25,4.69,0,0,117.25
760,3766,32,508,3,66,4.12,1,0,271.92
761,3766,33,917,3,744,1.26,1,1,937.44
762,3766,34,431,3,46,4.69,0,0,215.74
763,3766,35,353,3,198,3.53,1,1,698.94
764,3766,36,444,3,56,4.69,0,0,262.64
765,3766,37,412,3,31,4.76,0,0,147.56
766,3766,38,867,3,655,2.95,1,1,1932.25
767,3766,39,394,3,20,4.76,0,0,95.2
768,3766,40,673,4,28,4.69,0,0,131.32
769,3766,41,350,4,42,4.81,0,0,202.02
770,3766,42,254,4,81,4.51,0,0,365.31
771,3766,43,834,4,633,2.69,1,0,1702.77
772,3766,44,421,4,43,4.8,0,0,206.4
773,3766,45,279,4,43,4.8,0,0,206.4
774,3766,46,318,4,31,4.77,0,0,147.87
775,3766,47,269,4,52,4.82,0,0,250.64
776,3766,48,364,4,149,3.41,1,0,508.09
777,3766,49,997,4,47,4.81,0,0,226.07
778,3766,50,330,4,101,4.75,0,0,479.75
779,3766,51,764,4,599,3.11,1,1,1862.89
780,3766,52,556,4,114,4.78,0,0,544.92
781,4436,1,862,1,102,3.63,0,0,370.26
782,4436,2,1189,1,594,3.42,1,0,2031.48
783,4436,3,951,1,133,3.4,1,0,452.2
784,4436,4,1528,1,668,2.99,1,1,1997.32
785,4436,5,1041,1,306,3.56,0,0,1089.36
786,4436,6,886,1,350,3.66,0,0,1281
787,4436,7,1029,1,622,3.74,0,0,2326.28
788,4436,8,908,1,131,3.9,0,0,510.9
789,4436,9,954,1,516,3.29,1,0,1697.64
790,4436,10,823,1,306,3.82,0,0,1168.92
791,4436,11,859,1,317,4.08,0,0,1293.36
792,4436,12,855,1,476,3.59,1,0,1708.84
793,4436,13,737,1,113,4.06,0,0,458.78
794,4436,14,1245,2,770,4.11,0,1,3164.7
795,4436,15,1060,2,513,3.28,1,0,1682.64
796,4436,16,1169,2,359,3.99,0,0,1432.41
797,4436,17,795,2,517,3.4,1,1,1757.8
798,4436,18,605,2,117,3.94,0,1,460.98
799,4436,19,877,2,522,3.27,1,1,1706.94
800,4436,20,462,2,110,3.88,0,0,426.8
801,4436,21,869,2,129,3.25,1,0,419.25
802,4436,22,790,2,150,4.39,0,0,658.5
803,4436,23,1127,2,473,3.5,1,0,1655.5
804,4436,24,751,2,98,4.08,0,0,399.84
805,4436,25,978,2,406,3.42,1,0,1388.52
806,4436,26,771,2,283,3.63,1,0,1027.29
807,4436,27,672,3,202,3.51,1,0,709.02
808,4436,28,892,3,423,3.46,1,0,1463.58
809,4436,29,668,3,164,4.2,0,0,688.8
810,4436,30,791,3,256,4.19,0,1,1072.64
811,4436,31,1009,3,272,3.83,1,1,1041.76
812,4436,32,896,3,356,3.99,0,0,1420.44
813,4436,33,808,3,121,3.83,0,0,463.43
814,4436,34,1051,3,307,3.95,1,0,1212.65
815,4436,35,1407,3,948,3.31,1,0,3137.88
816,4436,36,1226,3,201,4.05,1,0,814.05
817,4436,37,1032,3,179,4.45,0,0,796.55
818,4436,38,896,3,387,3.78,1,0,1462.86
819,4436,39,978,3,143,4.17,0,0,596.31
820,4436,40,997,4,188,4.11,1,0,772.68
821,4436,41,867,4,386,3.48,1,1,1343.28
822,4436,42,1099,4,76,4.49,0,0,341.24
823,4436,43,917,4,187,4.5,0,0,841.5
824,4436,44,904,4,524,3.5,1,1,1834
825,4436,45,900,4,336,3.4,1,0,1142.4
826,4436,46,1032,4,289,3.53,1,0,1020.17
827,4436,47,751,4,274,3.4,1,0,931.6
828,4436,48,1213,4,320,3.66,1,1,1171.2
829,4436,49,769,4,305,3.49,1,0,1064.45
830,4436,50,1237,4,402,3.65,1,1,1467.3
831,4436,51,1195,4,589,3.71,1,0,2185.19
832,4436,52,1102,4,201,4.17,0,0,838.17
833,4829,1,349,1,145,3.53,1,0,511.85
834,4829,2,634,1,28,3.71,0,0,103.88
835,4829,3,651,1,92,4.65,0,0,427.8
836,4829,4,523,1,318,3.23,1,0,1027.14
837,4829,5,543,1,112,3.75,1,0,420
838,4829,6,529,1,135,4.02,1,0,542.7
839,4829,7,546,1,45,4.25,0,0,191.25
840,4829,8,613,1,35,4.66,0,0,163.1
841,4829,9,337,1,101,4.66,0,0,470.66
842,4829,10,598,1,359,3.43,1,0,1231.37
843,4829,11,415,1,41,5.23,0,0,214.43
844,4829,12,359,1,40,4.54,1,0,181.6
845,4829,13,566,1,73,4.58,0,0,334.34
846,4829,14,432,2,82,4.17,1,0,341.94
847,4829,15,499,2,20,4.05,0,0,81
848,4829,16,332,2,52,4.63,0,0,240.76
849,4829,17,319,2,80,4.12,1,0,329.6
850,4829,18,261,2,33,3.9,1,0,128.7
851,4829,19,346,2,64,4.58,0,0,293.12
852,4829,20,336,2,114,3.6,1,0,410.4
853,4829,21,498,2,32,3.5,0,0,112
854,4829,22,602,2,67,4.67,0,0,312.89
855,4829,23,441,2,208,3.43,1,0,713.44
856,4829,24,681,2,38,3.2,0,0,121.6
857,4829,25,348,2,55,4.63,0,0,254.65
858,4829,26,432,2,182,3.75,1,0,682.5
859,4829,27,313,3,25,3.72,1,0,93
860,4829,28,294,3,50,4.57,0,0,228.5
861,4829,29,379,3,154,3.65,1,0,562.1
862,4829,30,392,3,25,3.66,0,0,91.5
863,4829,31,481,3,46,4.66,0,0,214.36
864,4829,32,383,3,157,3.8,1,0,596.6
865,4829,33,456,3,22,3.51,0,0,77.22
866,4829,34,402,3,25,4.63,0,0,115.75
867,4829,35,367,3,191,3.63,1,0,693.33
868,4829,36,362,3,23,3.54,0,0,81.42
869,4829,37,488,3,73,4.32,1,0,315.36
870,4829,38,715,3,573,2.49,1,0,1426.77
871,4829,39,553,3,45,3.61,0,0,162.45
872,4829,40,429,4,93,4.09,1,0,380.37
873,4829,41,487,4,28,3.94,0,0,110.32
874,4829,42,340,4,35,4.72,0,0,165.2
875,4829,43,266,4,70,4.32,1,0,302.4
876,4829,44,356,4,174,3.5,1,0,609
877,4829,45,486,4,52,3.64,0,0,189.28
878,4829,46,459,4,90,3.95,1,0,355.5
879,4829,47,464,4,31,3.87,0,0,119.97
880,4829,48,480,4,83,4.41,1,0,366.03
881,4829,49,792,4,562,2.91,1,0,1635.42
882,4829,50,814,4,36,2.92,0,0,105.12
883,4829,51,776,4,52,4.68,0,0,243.36
884,4829,52,743,4,274,3.72,1,0,1019.28
885,4834,1,522,1,267,3.74,0,0,998.58
886,4834,2,739,1,61,4.68,0,0,285.48
887,4834,3,790,1,150,4.68,0,0,702
888,4834,4,651,1,387,3.31,0,1,1280.97
889,4834,5,585,1,154,4.12,0,1,634.48
890,4834,6,589,1,180,4.12,0,1,741.6
891,4834,7,583,1,63,4.68,0,0,294.84
892,4834,8,862,1,59,4.65,0,0,274.35
893,4834,9,415,1,124,4.7,0,0,582.8
894,4834,10,685,1,431,5.15,0,1,2219.65
895,4834,11,440,1,59,4.7,0,0,277.3
896,4834,12,431,1,31,4.54,1,0,140.74
897,4834,13,619,1,85,4.65,0,0,395.25
898,4834,14,484,2,128,3.97,1,1,508.16
899,4834,15,842,2,71,4.66,0,0,330.86
900,4834,16,380,2,70,4.65,0,0,325.5
901,4834,17,408,2,100,3.97,1,1,397
902,4834,18,306,2,48,4.56,1,1,218.88
903,4834,19,502,2,77,4.68,0,0,360.36
904,4834,20,482,2,232,3.69,1,1,856.08
905,4834,21,618,2,61,4.66,0,0,284.26
906,4834,22,606,2,130,4.65,0,0,604.5
907,4834,23,567,2,320,3.43,1,1,1097.6
908,4834,24,739,2,44,4.7,0,0,206.8
909,4834,25,488,2,82,4.65,0,0,381.3
910,4834,26,472,2,223,3.74,1,1,834.02
911,4834,27,380,3,61,4.56,1,1,278.16
912,4834,28,348,3,55,4.66,0,0,256.3
913,4834,29,494,3,249,3.47,1,0,864.03
914,4834,30,471,3,44,4.66,0,0,205.04
915,4834,31,663,3,72,4.66,0,0,335.52
916,4834,32,500,3,211,3.77,1,1,795.47
917,4834,33,561,3,33,4.66,0,0,153.78
918,4834,34,625,3,52,4.59,0,0,238.68
919,4834,35,448,3,221,3.77,1,1,833.17
920,4834,36,494,3,67,4.68,0,0,313.56
921,4834,37,489,3,127,4.35,1,0,552.45
922,4834,38,976,3,731,2.57,1,0,1878.67
923,4834,39,896,3,60,4.66,0,0,279.6
924,4834,40,639,4,161,3.81,1,1,613.41
925,4834,41,537,4,41,4.65,0,0,190.65
926,4834,42,585,4,42,4.7,0,0,197.4
927,4834,43,371,4,98,4.3,1,0,421.4
928,4834,44,422,4,221,3.36,1,1,742.56
929,4834,45,609,4,48,4.62,0,0,221.76
930,4834,46,564,4,146,3.89,1,1,567.94
931,4834,47,568,4,47,4.7,0,0,220.9
932,4834,48,654,4,144,3.96,1,1,570.24
933,4834,49,999,4,721,2.97,1,1,2141.37
934,4834,50,1021,4,61,4.67,0,0,284.87
935,4834,51,765,4,99,4.67,0,0,462.33
936,4834,52,889,4,409,3.57,1,1,1460.13
937,4956,1,832,1,80,3.79,0,0,303.2
938,4956,2,1058,1,387,3.17,1,1,1226.79
939,4956,3,811,1,125,3.17,1,1,396.25
940,4956,4,1139,1,372,2.89,1,1,1075.08
941,4956,5,858,1,109,3.53,0,0,384.77
942,4956,6,617,1,45,3.92,0,0,176.4
943,4956,7,701,1,305,3.71,0,1,1131.55
944,4956,8,859,1,73,3.03,1,0,221.19
945,4956,9,910,1,275,3.49,0,1,959.75
946,4956,10,720,1,144,3.78,0,1,544.32
947,4956,11,870,1,87,3.79,0,0,329.73
948,4956,12,688,1,292,3.02,1,1,881.84
949,4956,13,508,1,125,3.75,0,0,468.75
950,4956,14,893,2,68,3.1,1,0,210.8
951,4956,15,738,2,262,3.63,0,1,951.06
952,4956,16,661,2,107,3,1,0,321
953,4956,17,570,2,317,3.46,0,1,1096.82
954,4956,18,717,2,81,3.02,1,0,244.62
955,4956,19,886,2,370,3.49,0,1,1291.3
956,4956,20,503,2,103,3.85,0,0,396.55
957,4956,21,965,2,70,3.28,1,0,229.6
958,4956,22,854,2,76,3.28,1,0,249.28
959,4956,23,967,2,319,3.79,0,1,1209.01
960,4956,24,940,2,101,3.28,1,0,331.28
961,4956,25,949,2,222,4.11,0,1,912.42
962,4956,26,841,2,107,3.63,1,0,388.41
963,4956,27,542,3,75,3.56,1,0,267
964,4956,28,858,3,311,3.6,1,1,1119.6
965,4956,29,851,3,116,3.95,0,0,458.2
966,4956,30,936,3,131,3.73,1,0,488.63
967,4956,31,988,3,99,4.14,0,1,409.86
968,4956,32,901,3,319,3.99,0,1,1272.81
969,4956,33,786,3,88,4.06,0,0,357.28
970,4956,34,1031,3,138,3.28,1,1,452.64
971,4956,35,1218,3,686,3.78,1,1,2593.08
972,4956,36,1244,3,155,3.25,1,0,503.75
973,4956,37,846,3,131,3.49,0,1,457.19
974,4956,38,625,3,216,3.5,1,1,756
975,4956,39,913,3,141,3.79,0,1,534.39
976,4956,40,803,4,109,3.6,1,1,392.4
977,4956,41,680,4,250,3.81,0,1,952.5
978,4956,42,903,4,113,3.94,0,0,445.22
979,4956,43,690,4,60,4.09,0,0,245.4
980,4956,44,692,4,310,3.08,1,1,954.8
981,4956,45,740,4,212,3.41,1,1,722.92
982,4956,46,866,4,153,3.18,1,1,486.54
983,4956,47,681,4,197,3.33,1,1,656.01
984,4956,48,908,4,147,3.21,1,0,471.87
985,4956,49,959,4,397,2.61,1,1,1036.17
986,4956,50,1004,4,180,3.29,1,1,592.2
987,4956,51,957,4,298,3.73,0,1,1111.54
988,4956,52,947,4,63,4.02,0,0,253.26
